Date,Close USD
18-Oct-19,"7,973.21"
17-Oct-19,"8,103.91"
16-Oct-19,"8,047.53"
15-Oct-19,"8,205.37"
14-Oct-19,"8,374.69"
13-Oct-19,"8,321.01"
12-Oct-19,"8,336.56"
11-Oct-19,"8,321.76"
10-Oct-19,"8,586.47"
09-Oct-19,"8,595.74"
08-Oct-19,"8,228.78"
07-Oct-19,"8,245.62"
06-Oct-19,"7,988.16"
05-Oct-19,"8,151.50"
04-Oct-19,"8,205.94"
03-Oct-19,"8,259.99"
02-Oct-19,"8,393.04"
01-Oct-19,"8,343.28"
30-Sep-19,"8,293.87"
29-Sep-19,"8,104.19"
28-Sep-19,"8,245.92"
27-Sep-19,"8,251.85"
26-Sep-19,"8,118.97"
25-Sep-19,"8,486.99"
24-Sep-19,"8,620.57"
23-Sep-19,"9,729.32"
22-Sep-19,"10,070.39"
21-Sep-19,"10,019.72"
20-Sep-19,"10,181.64"
19-Sep-19,"10,266.41"
18-Sep-19,"10,198.25"
17-Sep-19,"10,241.27"
16-Sep-19,"10,276.79"
15-Sep-19,"10,347.71"
14-Sep-19,"10,358.05"
13-Sep-19,"10,360.55"
12-Sep-19,"10,410.13"
11-Sep-19,"10,178.37"
10-Sep-19,"10,115.98"
09-Sep-19,"10,334.97"
08-Sep-19,"10,441.28"
07-Sep-19,"10,517.25"
06-Sep-19,"10,353.30"
05-Sep-19,"10,575.53"
04-Sep-19,"10,594.49"
03-Sep-19,"10,623.54"
02-Sep-19,"10,346.76"
01-Sep-19,"9,757.97"
31-Aug-19,"9,630.66"
30-Aug-19,"9,598.17"
29-Aug-19,"9,510.20"
28-Aug-19,"9,754.42"
27-Aug-19,"10,185.50"
26-Aug-19,"10,370.82"
25-Aug-19,"10,138.52"
24-Aug-19,"10,159.96"
23-Aug-19,"10,407.97"
22-Aug-19,"10,131.06"
21-Aug-19,"10,138.05"
20-Aug-19,"10,763.23"
19-Aug-19,"10,916.05"
18-Aug-19,"10,345.81"
17-Aug-19,"10,231.74"
16-Aug-19,"10,374.34"
15-Aug-19,"10,311.55"
14-Aug-19,"10,051.70"
13-Aug-19,"10,895.83"
12-Aug-19,"11,382.62"
11-Aug-19,"11,523.58"
10-Aug-19,"11,354.02"
09-Aug-19,"11,862.94"
08-Aug-19,"11,966.41"
07-Aug-19,"11,941.97"
06-Aug-19,"11,478.17"
05-Aug-19,"11,805.65"
04-Aug-19,"10,970.18"
03-Aug-19,"10,821.73"
02-Aug-19,"10,518.17"
01-Aug-19,"10,399.67"
31-Jul-19,"10,085.63"
30-Jul-19,"9,607.42"
29-Jul-19,"9,519.15"
28-Jul-19,"9,552.86"
27-Jul-19,"9,477.68"
26-Jul-19,"9,870.30"
25-Jul-19,"9,911.84"
24-Jul-19,"9,811.93"
23-Jul-19,"9,900.77"
22-Jul-19,"10,343.11"
21-Jul-19,"10,599.11"
20-Jul-19,"10,767.14"
19-Jul-19,"10,530.73"
18-Jul-19,"10,666.48"
17-Jul-19,"9,693.80"
16-Jul-19,"9,477.64"
15-Jul-19,"10,895.09"
14-Jul-19,"10,256.06"
13-Jul-19,"11,392.38"
12-Jul-19,"11,815.99"
11-Jul-19,"11,358.66"
10-Jul-19,"12,156.51"
09-Jul-19,"12,573.81"
08-Jul-19,"12,285.96"
07-Jul-19,"11,450.85"
06-Jul-19,"11,208.55"
05-Jul-19,"10,978.46"
04-Jul-19,"11,215.44"
03-Jul-19,"11,961.27"
02-Jul-19,"10,801.68"
01-Jul-19,"10,583.13"
30-Jun-19,"10,817.16"
29-Jun-19,"11,959.37"
28-Jun-19,"12,407.33"
27-Jun-19,"11,182.81"
26-Jun-19,"13,016.23"
25-Jun-19,"11,790.92"
24-Jun-19,"11,011.10"
23-Jun-19,"10,855.37"
22-Jun-19,"10,701.69"
21-Jun-19,"10,144.56"
20-Jun-19,"9,527.16"
19-Jun-19,"9,273.52"
18-Jun-19,"9,081.76"
17-Jun-19,"9,320.35"
16-Jun-19,"8,994.49"
15-Jun-19,"8,838.38"
14-Jun-19,"8,693.83"
13-Jun-19,"8,230.92"
12-Jun-19,"8,145.86"
11-Jun-19,"7,927.71"
10-Jun-19,"8,000.33"
09-Jun-19,"7,688.08"
08-Jun-19,"7,954.13"
07-Jun-19,"8,043.95"
06-Jun-19,"7,822.02"
05-Jun-19,"7,824.23"
04-Jun-19,"7,707.77"
03-Jun-19,"8,208.99"
02-Jun-19,"8,742.96"
01-Jun-19,"8,564.02"
31-May-19,"8,574.50"
30-May-19,"8,319.47"
29-May-19,"8,659.49"
28-May-19,"8,719.96"
27-May-19,"8,805.78"
26-May-19,"8,673.22"
25-May-19,"8,052.54"
24-May-19,"7,987.37"
23-May-19,"7,881.85"
22-May-19,"7,680.07"
21-May-19,"7,963.33"
20-May-19,"7,978.31"
19-May-19,"8,197.69"
18-May-19,"7,271.21"
17-May-19,"7,343.90"
16-May-19,"7,884.91"
15-May-19,"8,205.17"
14-May-19,"7,994.42"
13-May-19,"7,814.92"
12-May-19,"6,972.37"
11-May-19,"7,204.77"
10-May-19,"6,378.85"
09-May-19,"6,174.53"
08-May-19,"5,982.46"
07-May-19,"5,829.50"
06-May-19,"5,746.81"
05-May-19,"5,795.71"
04-May-19,"5,831.17"
03-May-19,"5,768.29"
02-May-19,"5,505.28"
01-May-19,"5,402.70"
30-Apr-19,"5,350.73"
29-Apr-19,"5,247.35"
28-Apr-19,"5,285.14"
27-Apr-19,"5,268.29"
26-Apr-19,"5,279.35"
25-Apr-19,"5,210.52"
24-Apr-19,"5,464.87"
23-Apr-19,"5,572.36"
22-Apr-19,"5,399.37"
21-Apr-19,"5,314.53"
20-Apr-19,"5,337.89"
19-Apr-19,"5,303.81"
18-Apr-19,"5,298.39"
17-Apr-19,"5,251.94"
16-Apr-19,"5,235.56"
15-Apr-19,"5,067.11"
14-Apr-19,"5,167.72"
13-Apr-19,"5,096.59"
12-Apr-19,"5,089.54"
11-Apr-19,"5,064.49"
10-Apr-19,"5,324.55"
09-Apr-19,"5,204.96"
08-Apr-19,"5,289.77"
07-Apr-19,"5,198.90"
06-Apr-19,"5,059.82"
05-Apr-19,"5,036.68"
04-Apr-19,"4,922.80"
03-Apr-19,"4,973.02"
02-Apr-19,"4,879.88"
01-Apr-19,"4,158.18"
31-Mar-19,"4,105.40"
30-Mar-19,"4,106.66"
29-Mar-19,"4,098.37"
28-Mar-19,"4,069.11"
27-Mar-19,"4,087.07"
26-Mar-19,"3,985.08"
25-Mar-19,"3,963.07"
24-Mar-19,"4,022.17"
23-Mar-19,"4,035.83"
22-Mar-19,"4,023.97"
21-Mar-19,"4,029.33"
20-Mar-19,"4,087.48"
19-Mar-19,"4,071.19"
18-Mar-19,"4,032.51"
17-Mar-19,"4,025.23"
16-Mar-19,"4,048.73"
15-Mar-19,"3,960.91"
14-Mar-19,"3,924.37"
13-Mar-19,"3,906.72"
12-Mar-19,"3,909.16"
11-Mar-19,"3,905.23"
10-Mar-19,"3,951.60"
09-Mar-19,"3,963.31"
08-Mar-19,"3,901.13"
07-Mar-19,"3,911.48"
06-Mar-19,"3,903.94"
05-Mar-19,"3,896.38"
04-Mar-19,"3,761.56"
03-Mar-19,"3,847.18"
02-Mar-19,"3,864.42"
01-Mar-19,"3,859.58"
28-Feb-19,"3,854.79"
27-Feb-19,"3,851.05"
26-Feb-19,"3,854.36"
25-Feb-19,"3,882.70"
24-Feb-19,"3,810.43"
23-Feb-19,"4,142.53"
22-Feb-19,"4,005.53"
21-Feb-19,"3,954.12"
20-Feb-19,"3,999.82"
19-Feb-19,"3,947.09"
18-Feb-19,"3,915.71"
17-Feb-19,"3,673.84"
16-Feb-19,"3,629.79"
15-Feb-19,"3,620.81"
14-Feb-19,"3,616.88"
13-Feb-19,"3,632.07"
12-Feb-19,"3,653.53"
11-Feb-19,"3,648.43"
10-Feb-19,"3,690.19"
09-Feb-19,"3,671.20"
08-Feb-19,"3,666.78"
07-Feb-19,"3,399.47"
06-Feb-19,"3,413.77"
05-Feb-19,"3,466.36"
04-Feb-19,"3,459.15"
03-Feb-19,"3,464.01"
02-Feb-19,"3,521.06"
01-Feb-19,"3,487.95"
31-Jan-19,"3,457.79"
30-Jan-19,"3,486.18"
29-Jan-19,"3,448.12"
28-Jan-19,"3,470.45"
27-Jan-19,"3,583.97"
26-Jan-19,"3,602.46"
25-Jan-19,"3,599.77"
24-Jan-19,"3,600.87"
23-Jan-19,"3,585.12"
22-Jan-19,"3,604.58"
21-Jan-19,"3,576.03"
20-Jan-19,"3,601.01"
19-Jan-19,"3,728.57"
18-Jan-19,"3,657.84"
17-Jan-19,"3,678.56"
16-Jan-19,"3,655.01"
15-Jan-19,"3,630.68"
14-Jan-19,"3,706.05"
13-Jan-19,"3,552.95"
12-Jan-19,"3,661.30"
11-Jan-19,"3,687.37"
10-Jan-19,"3,678.92"
09-Jan-19,"4,035.30"
08-Jan-19,"4,030.85"
07-Jan-19,"4,025.25"
06-Jan-19,"4,076.63"
05-Jan-19,"3,845.19"
04-Jan-19,"3,857.72"
03-Jan-19,"3,836.74"
02-Jan-19,"3,943.41"
01-Jan-19,"3,843.52"
31-Dec-18,"3,742.70"
30-Dec-18,"3,865.95"
29-Dec-18,"3,820.41"
28-Dec-18,"3,923.92"
27-Dec-18,"3,654.83"
26-Dec-18,"3,857.30"
25-Dec-18,"3,815.49"
24-Dec-18,"4,078.60"
23-Dec-18,"3,998.98"
22-Dec-18,"4,014.18"
21-Dec-18,"3,896.54"
20-Dec-18,"4,134.44"
19-Dec-18,"3,745.95"
18-Dec-18,"3,696.06"
17-Dec-18,"3,545.86"
16-Dec-18,"3,252.84"
15-Dec-18,"3,236.76"
14-Dec-18,"3,242.48"
13-Dec-18,"3,313.68"
12-Dec-18,"3,486.95"
11-Dec-18,"3,424.59"
10-Dec-18,"3,502.66"
09-Dec-18,"3,614.23"
08-Dec-18,"3,476.11"
07-Dec-18,"3,419.94"
06-Dec-18,"3,521.10"
05-Dec-18,"3,753.99"
04-Dec-18,"3,956.89"
03-Dec-18,"3,894.13"
02-Dec-18,"4,139.88"
01-Dec-18,"4,214.67"
30-Nov-18,"4,017.27"
29-Nov-18,"4,278.85"
28-Nov-18,"4,257.42"
27-Nov-18,"3,820.72"
26-Nov-18,"3,779.13"
25-Nov-18,"4,009.97"
24-Nov-18,"3,880.76"
23-Nov-18,"4,347.11"
22-Nov-18,"4,365.94"
21-Nov-18,"4,602.17"
20-Nov-18,"4,451.87"
19-Nov-18,"4,871.49"
18-Nov-18,"5,623.54"
17-Nov-18,"5,554.33"
16-Nov-18,"5,575.55"
15-Nov-18,"5,648.03"
14-Nov-18,"5,738.35"
13-Nov-18,"6,359.49"
12-Nov-18,"6,371.27"
11-Nov-18,"6,411.27"
10-Nov-18,"6,409.22"
09-Nov-18,"6,385.62"
08-Nov-18,"6,453.72"
07-Nov-18,"6,530.14"
06-Nov-18,"6,461.01"
05-Nov-18,"6,419.66"
04-Nov-18,"6,376.13"
03-Nov-18,"6,361.26"
02-Nov-18,"6,388.44"
01-Nov-18,"6,377.78"
31-Oct-18,"6,317.61"
30-Oct-18,"6,334.27"
29-Oct-18,"6,332.63"
28-Oct-18,"6,486.39"
27-Oct-18,"6,480.38"
26-Oct-18,"6,474.75"
25-Oct-18,"6,476.29"
24-Oct-18,"6,495.84"
23-Oct-18,"6,475.74"
22-Oct-18,"6,487.16"
21-Oct-18,"6,482.35"
20-Oct-18,"6,489.19"
19-Oct-18,"6,465.41"
18-Oct-18,"6,476.71"
17-Oct-18,"6,544.43"
16-Oct-18,"6,596.11"
15-Oct-18,"6,596.54"
14-Oct-18,"6,290.93"
13-Oct-18,"6,285.99"
12-Oct-18,"6,274.58"
11-Oct-18,"6,256.24"
10-Oct-18,"6,585.53"
09-Oct-18,"6,642.64"
08-Oct-18,"6,652.23"
07-Oct-18,"6,602.95"
06-Oct-18,"6,588.31"
05-Oct-18,"6,622.48"
04-Oct-18,"6,576.69"
03-Oct-18,"6,502.59"
02-Oct-18,"6,556.10"
01-Oct-18,"6,589.62"
30-Sep-18,"6,625.56"
29-Sep-18,"6,601.96"
28-Sep-18,"6,644.13"
27-Sep-18,"6,676.75"
26-Sep-18,"6,495.00"
25-Sep-18,"6,446.47"
24-Sep-18,"6,595.41"
23-Sep-18,"6,710.63"
22-Sep-18,"6,721.98"
21-Sep-18,"6,734.95"
20-Sep-18,"6,519.67"
19-Sep-18,"6,398.54"
18-Sep-18,"6,371.30"
17-Sep-18,"6,281.20"
16-Sep-18,"6,517.18"
15-Sep-18,"6,543.20"
14-Sep-18,"6,512.71"
13-Sep-18,"6,517.31"
12-Sep-18,"6,351.80"
11-Sep-18,"6,321.20"
10-Sep-18,"6,329.70"
09-Sep-18,"6,300.86"
08-Sep-18,"6,225.98"
07-Sep-18,"6,467.07"
06-Sep-18,"6,529.17"
05-Sep-18,"6,792.83"
04-Sep-18,"7,361.66"
03-Sep-18,"7,260.06"
02-Sep-18,"7,272.72"
01-Sep-18,"7,193.25"
31-Aug-18,"7,037.58"
30-Aug-18,"6,978.23"
29-Aug-18,"7,047.16"
28-Aug-18,"7,096.28"
27-Aug-18,"6,884.64"
26-Aug-18,"6,707.26"
25-Aug-18,"6,763.19"
24-Aug-18,"6,719.96"
23-Aug-18,"6,534.88"
22-Aug-18,"6,376.71"
21-Aug-18,"6,488.76"
20-Aug-18,"6,308.53"
19-Aug-18,"6,506.07"
18-Aug-18,"6,423.76"
17-Aug-18,"6,580.63"
16-Aug-18,"6,334.73"
15-Aug-18,"6,308.52"
14-Aug-18,"6,199.71"
13-Aug-18,"6,297.57"
12-Aug-18,"6,322.69"
11-Aug-18,"6,295.73"
10-Aug-18,"6,184.71"
09-Aug-18,"6,568.23"
08-Aug-18,"6,305.80"
07-Aug-18,"6,753.12"
06-Aug-18,"6,951.80"
05-Aug-18,"7,068.48"
04-Aug-18,"7,032.85"
03-Aug-18,"7,434.39"
02-Aug-18,"7,567.15"
01-Aug-18,"7,624.91"
31-Jul-18,"7,780.44"
30-Jul-18,"8,180.48"
29-Jul-18,"8,218.46"
28-Jul-18,"8,192.15"
27-Jul-18,"8,165.01"
26-Jul-18,"7,951.58"
25-Jul-18,"8,181.39"
24-Jul-18,"8,424.27"
23-Jul-18,"7,711.11"
22-Jul-18,"7,418.49"
21-Jul-18,"7,419.29"
20-Jul-18,"7,354.13"
19-Jul-18,"7,466.86"
18-Jul-18,"7,370.78"
17-Jul-18,"7,321.04"
16-Jul-18,"6,741.75"
15-Jul-18,"6,359.64"
14-Jul-18,"6,276.12"
13-Jul-18,"6,238.05"
12-Jul-18,"6,228.81"
11-Jul-18,"6,394.71"
10-Jul-18,"6,329.95"
09-Jul-18,"6,741.75"
08-Jul-18,"6,773.88"
07-Jul-18,"6,856.93"
06-Jul-18,"6,673.50"
05-Jul-18,"6,639.14"
04-Jul-18,"6,597.55"
03-Jul-18,"6,529.59"
02-Jul-18,"6,614.18"
01-Jul-18,"6,385.82"
30-Jun-18,"6,404.00"
29-Jun-18,"6,218.30"
28-Jun-18,"5,903.44"
27-Jun-18,"6,157.13"
26-Jun-18,"6,093.67"
25-Jun-18,"6,249.18"
24-Jun-18,"6,173.23"
23-Jun-18,"6,162.48"
22-Jun-18,"6,083.69"
21-Jun-18,"6,729.74"
20-Jun-18,"6,776.55"
19-Jun-18,"6,769.94"
18-Jun-18,"6,734.82"
17-Jun-18,"6,499.27"
16-Jun-18,"6,550.16"
15-Jun-18,"6,456.58"
14-Jun-18,"6,675.35"
13-Jun-18,"6,349.90"
12-Jun-18,"6,582.36"
11-Jun-18,"6,906.92"
10-Jun-18,"6,786.02"
09-Jun-18,"7,531.98"
08-Jun-18,"7,624.92"
07-Jun-18,"7,678.24"
06-Jun-18,"7,653.98"
05-Jun-18,"7,633.76"
04-Jun-18,"7,514.47"
03-Jun-18,"7,720.25"
02-Jun-18,"7,643.45"
01-Jun-18,"7,541.45"
31-May-18,"7,494.17"
30-May-18,"7,406.52"
29-May-18,"7,472.59"
28-May-18,"7,135.99"
27-May-18,"7,368.22"
26-May-18,"7,355.88"
25-May-18,"7,480.14"
24-May-18,"7,587.34"
23-May-18,"7,557.82"
22-May-18,"8,041.78"
21-May-18,"8,418.99"
20-May-18,"8,513.25"
19-May-18,"8,247.18"
18-May-18,"8,250.97"
17-May-18,"8,094.32"
16-May-18,"8,368.83"
15-May-18,"8,510.38"
14-May-18,"8,716.79"
13-May-18,"8,723.94"
12-May-18,"8,504.89"
11-May-18,"8,441.49"
10-May-18,"9,043.94"
09-May-18,"9,325.18"
08-May-18,"9,234.82"
07-May-18,"9,373.01"
06-May-18,"9,654.80"
05-May-18,"9,858.15"
04-May-18,"9,700.76"
03-May-18,"9,743.86"
02-May-18,"9,235.92"
01-May-18,"9,119.01"
30-Apr-18,"9,240.55"
29-Apr-18,"9,419.08"
28-Apr-18,"9,348.48"
27-Apr-18,"8,987.05"
26-Apr-18,"9,281.51"
25-Apr-18,"8,845.74"
24-Apr-18,"9,697.50"
23-Apr-18,"8,930.88"
22-Apr-18,"8,802.46"
21-Apr-18,"8,895.58"
20-Apr-18,"8,845.83"
19-Apr-18,"8,294.31"
18-Apr-18,"8,163.42"
17-Apr-18,"7,902.09"
16-Apr-18,"8,058.67"
15-Apr-18,"8,329.11"
14-Apr-18,"7,986.24"
13-Apr-18,"7,895.96"
12-Apr-18,"7,889.25"
11-Apr-18,"6,968.32"
10-Apr-18,"6,834.76"
09-Apr-18,"6,770.73"
08-Apr-18,"7,023.52"
07-Apr-18,"6,911.09"
06-Apr-18,"6,636.32"
05-Apr-18,"6,811.47"
04-Apr-18,"6,853.84"
03-Apr-18,"7,456.11"
02-Apr-18,"7,083.80"
01-Apr-18,"6,844.23"
31-Mar-18,"6,973.53"
30-Mar-18,"6,890.52"
29-Mar-18,"7,165.70"
28-Mar-18,"7,954.48"
27-Mar-18,"7,833.04"
26-Mar-18,"8,209.40"
25-Mar-18,"8,495.78"
24-Mar-18,"8,668.12"
23-Mar-18,"8,879.62"
22-Mar-18,"8,728.47"
21-Mar-18,"8,929.28"
20-Mar-18,"8,913.47"
19-Mar-18,"8,630.65"
18-Mar-18,"8,223.68"
17-Mar-18,"7,916.88"
16-Mar-18,"8,338.35"
15-Mar-18,"8,300.86"
14-Mar-18,"8,269.81"
13-Mar-18,"9,194.85"
12-Mar-18,"9,205.12"
11-Mar-18,"9,578.63"
10-Mar-18,"8,866.00"
09-Mar-18,"9,337.55"
08-Mar-18,"9,395.01"
07-Mar-18,"9,965.57"
06-Mar-18,"10,779.90"
05-Mar-18,"11,573.30"
04-Mar-18,"11,512.60"
03-Mar-18,"11,489.70"
02-Mar-18,"11,086.40"
01-Mar-18,"10,951.00"
28-Feb-18,"10,397.90"
27-Feb-18,"10,725.60"
26-Feb-18,"10,366.70"
25-Feb-18,"9,664.73"
24-Feb-18,"9,813.07"
23-Feb-18,"10,301.10"
22-Feb-18,"10,005.00"
21-Feb-18,"10,690.40"
20-Feb-18,"11,403.70"
19-Feb-18,"11,225.30"
18-Feb-18,"10,551.80"
17-Feb-18,"11,112.70"
16-Feb-18,"10,233.90"
15-Feb-18,"10,166.40"
14-Feb-18,"9,494.63"
13-Feb-18,"8,598.31"
12-Feb-18,"8,926.57"
11-Feb-18,"8,129.97"
10-Feb-18,"8,621.90"
09-Feb-18,"8,736.98"
08-Feb-18,"8,265.59"
07-Feb-18,"7,621.30"
06-Feb-18,"7,754.00"
05-Feb-18,"6,955.27"
04-Feb-18,"8,277.01"
03-Feb-18,"9,174.91"
02-Feb-18,"8,830.75"
01-Feb-18,"9,170.54"
31-Jan-18,"10,221.10"
30-Jan-18,"10,106.30"
29-Jan-18,"11,296.40"
28-Jan-18,"11,786.30"
27-Jan-18,"11,440.70"
26-Jan-18,"11,171.40"
25-Jan-18,"11,259.40"
24-Jan-18,"11,359.40"
23-Jan-18,"10,868.40"
22-Jan-18,"10,931.40"
21-Jan-18,"11,600.10"
20-Jan-18,"12,899.20"
19-Jan-18,"11,607.40"
18-Jan-18,"11,474.90"
17-Jan-18,"11,188.60"
16-Jan-18,"11,490.50"
15-Jan-18,"13,819.80"
14-Jan-18,"13,772.00"
13-Jan-18,"14,360.20"
12-Jan-18,"13,980.60"
11-Jan-18,"13,405.80"
10-Jan-18,"14,973.30"
09-Jan-18,"14,595.40"
08-Jan-18,"15,170.10"
07-Jan-18,"16,477.60"
06-Jan-18,"17,527.00"
05-Jan-18,"17,429.50"
04-Jan-18,"15,599.20"
03-Jan-18,"15,201.00"
02-Jan-18,"14,982.10"
01-Jan-18,"13,657.20"
31-Dec-17,"14,156.40"
30-Dec-17,"12,952.20"
29-Dec-17,"14,656.20"
28-Dec-17,"14,606.50"
27-Dec-17,"15,838.50"
26-Dec-17,"16,099.80"
25-Dec-17,"14,026.60"
24-Dec-17,"13,925.80"
23-Dec-17,"14,699.20"
22-Dec-17,"13,831.80"
21-Dec-17,"15,802.90"
20-Dec-17,"16,624.60"
19-Dec-17,"17,776.70"
18-Dec-17,"19,114.20"
17-Dec-17,"19,140.80"
16-Dec-17,"19,497.40"
15-Dec-17,"17,706.90"
14-Dec-17,"16,564.00"
13-Dec-17,"16,408.20"
12-Dec-17,"17,415.40"
11-Dec-17,"16,936.80"
10-Dec-17,"15,455.40"
09-Dec-17,"15,178.20"
08-Dec-17,"16,569.40"
07-Dec-17,"17,899.70"
06-Dec-17,"14,291.50"
05-Dec-17,"11,916.70"
04-Dec-17,"11,657.20"
03-Dec-17,"11,323.20"
02-Dec-17,"11,074.60"
01-Dec-17,"10,975.60"
30-Nov-17,"10,233.60"
29-Nov-17,"9,888.61"
28-Nov-17,"10,058.80"
27-Nov-17,"9,818.35"
26-Nov-17,"9,330.55"
25-Nov-17,"8,790.92"
24-Nov-17,"8,253.69"
23-Nov-17,"8,038.77"
22-Nov-17,"8,253.55"
21-Nov-17,"8,071.26"
20-Nov-17,"8,200.64"
19-Nov-17,"8,036.49"
18-Nov-17,"7,790.15"
17-Nov-17,"7,708.99"
16-Nov-17,"7,871.69"
15-Nov-17,"7,315.54"
14-Nov-17,"6,635.75"
13-Nov-17,"6,559.49"
12-Nov-17,"5,950.07"
11-Nov-17,"6,357.60"
10-Nov-17,"6,618.14"
09-Nov-17,"7,143.58"
08-Nov-17,"7,459.69"
07-Nov-17,"7,144.38"
06-Nov-17,"7,022.76"
05-Nov-17,"7,407.41"
04-Nov-17,"7,379.95"
03-Nov-17,"7,207.76"
02-Nov-17,"7,078.50"
01-Nov-17,"6,767.31"
31-Oct-17,"6,468.40"
30-Oct-17,"6,130.53"
29-Oct-17,"6,153.85"
28-Oct-17,"5,753.09"
27-Oct-17,"5,780.90"
26-Oct-17,"5,904.83"
25-Oct-17,"5,750.80"
24-Oct-17,"5,526.64"
23-Oct-17,"5,930.32"
22-Oct-17,"6,008.42"
21-Oct-17,"6,031.60"
20-Oct-17,"6,011.45"
19-Oct-17,"5,708.52"
18-Oct-17,"5,590.69"
17-Oct-17,"5,605.51"
16-Oct-17,"5,725.59"
15-Oct-17,"5,678.19"
14-Oct-17,"5,831.79"
13-Oct-17,"5,647.21"
12-Oct-17,"5,446.91"
11-Oct-17,"4,826.48"
10-Oct-17,"4,781.99"
09-Oct-17,"4,772.02"
08-Oct-17,"4,610.48"
07-Oct-17,"4,426.89"
06-Oct-17,"4,370.81"
05-Oct-17,"4,328.41"
04-Oct-17,"4,229.36"
03-Oct-17,"4,317.48"
02-Oct-17,"4,409.32"
01-Oct-17,"4,403.74"
30-Sep-17,"4,338.71"
29-Sep-17,"4,163.07"
28-Sep-17,"4,174.73"
27-Sep-17,"4,200.67"
26-Sep-17,"3,892.35"
25-Sep-17,"3,926.07"
24-Sep-17,"3,682.84"
23-Sep-17,"3,792.40"
22-Sep-17,"3,630.70"
21-Sep-17,"3,631.04"
20-Sep-17,"3,905.95"
19-Sep-17,"3,924.97"
18-Sep-17,"4,065.20"
17-Sep-17,"3,582.88"
16-Sep-17,"3,625.04"
15-Sep-17,"3,637.52"
14-Sep-17,"3,154.95"
13-Sep-17,"3,882.59"
12-Sep-17,"4,130.81"
11-Sep-17,"4,161.27"
10-Sep-17,"4,122.94"
09-Sep-17,"4,226.06"
08-Sep-17,"4,228.75"
07-Sep-17,"4,599.88"
06-Sep-17,"4,597.12"
05-Sep-17,"4,376.53"
04-Sep-17,"4,236.31"
03-Sep-17,"4,582.96"
02-Sep-17,"4,578.77"
01-Sep-17,"4,892.01"
31-Aug-17,"4,703.39"
30-Aug-17,"4,565.30"
29-Aug-17,"4,579.02"
28-Aug-17,"4,382.66"
27-Aug-17,"4,382.88"
26-Aug-17,"4,352.40"
25-Aug-17,"4,371.60"
24-Aug-17,"4,334.68"
23-Aug-17,"4,151.52"
22-Aug-17,"4,100.52"
21-Aug-17,"4,001.74"
20-Aug-17,"4,087.66"
19-Aug-17,"4,193.70"
18-Aug-17,"4,160.62"
17-Aug-17,"4,331.69"
16-Aug-17,"4,376.63"
15-Aug-17,"4,181.93"
14-Aug-17,"4,325.13"
13-Aug-17,"4,073.26"
12-Aug-17,"3,884.71"
11-Aug-17,"3,650.62"
10-Aug-17,"3,381.28"
09-Aug-17,"3,342.47"
08-Aug-17,"3,419.94"
07-Aug-17,"3,378.94"
06-Aug-17,"3,213.94"
05-Aug-17,"3,252.91"
04-Aug-17,"2,895.89"
03-Aug-17,"2,804.73"
02-Aug-17,"2,710.67"
01-Aug-17,"2,718.26"
31-Jul-17,"2,875.34"
30-Jul-17,"2,757.18"
29-Jul-17,"2,726.45"
28-Jul-17,"2,809.01"
27-Jul-17,"2,671.78"
26-Jul-17,"2,529.45"
25-Jul-17,"2,576.48"
24-Jul-17,"2,754.86"
23-Jul-17,"2,730.40"
22-Jul-17,"2,810.12"
21-Jul-17,"2,667.76"
20-Jul-17,"2,817.60"
19-Jul-17,"2,273.43"
18-Jul-17,"2,318.88"
17-Jul-17,"2,228.41"
16-Jul-17,"1,929.82"
15-Jul-17,"1,998.86"
14-Jul-17,"2,233.34"
13-Jul-17,"2,357.90"
12-Jul-17,"2,398.84"
11-Jul-17,"2,337.79"
10-Jul-17,"2,372.56"
09-Jul-17,"2,518.44"
08-Jul-17,"2,571.34"
07-Jul-17,"2,518.66"
06-Jul-17,"2,608.56"
05-Jul-17,"2,601.99"
04-Jul-17,"2,601.64"
03-Jul-17,"2,564.06"
02-Jul-17,"2,506.47"
01-Jul-17,"2,434.55"
30-Jun-17,"2,480.84"
29-Jun-17,"2,539.32"
28-Jun-17,"2,574.79"
27-Jun-17,"2,552.45"
26-Jun-17,"2,478.45"
25-Jun-17,"2,589.41"
24-Jun-17,"2,608.72"
23-Jun-17,"2,744.91"
22-Jun-17,"2,705.41"
21-Jun-17,"2,689.10"
20-Jun-17,"2,721.79"
19-Jun-17,"2,589.60"
18-Jun-17,"2,548.29"
17-Jun-17,"2,655.88"
16-Jun-17,"2,518.56"
15-Jun-17,"2,464.58"
14-Jun-17,"2,506.37"
13-Jun-17,"2,717.02"
12-Jun-17,"2,659.63"
11-Jun-17,"2,958.11"
10-Jun-17,"2,947.71"
09-Jun-17,"2,823.81"
08-Jun-17,"2,805.62"
07-Jun-17,"2,732.16"
06-Jun-17,"2,863.20"
05-Jun-17,"2,686.81"
04-Jun-17,"2,511.81"
03-Jun-17,"2,515.35"
02-Jun-17,"2,488.55"
01-Jun-17,"2,407.88"
31-May-17,"2,286.41"
30-May-17,"2,175.47"
29-May-17,"2,255.61"
28-May-17,"2,155.80"
27-May-17,"2,038.87"
26-May-17,"2,202.42"
25-May-17,"2,304.98"
24-May-17,"2,443.64"
23-May-17,"2,320.42"
22-May-17,"2,173.40"
21-May-17,"2,041.20"
20-May-17,"2,084.73"
19-May-17,"1,987.71"
18-May-17,"1,888.65"
17-May-17,"1,839.09"
16-May-17,"1,734.45"
15-May-17,"1,738.43"
14-May-17,"1,808.91"
13-May-17,"1,804.91"
12-May-17,"1,724.24"
11-May-17,"1,848.57"
10-May-17,"1,787.13"
09-May-17,"1,755.36"
08-May-17,"1,723.35"
07-May-17,"1,596.71"
06-May-17,"1,578.80"
05-May-17,"1,555.45"
04-May-17,"1,537.67"
03-May-17,"1,490.09"
02-May-17,"1,452.82"
01-May-17,"1,421.60"
30-Apr-17,"1,347.89"
29-Apr-17,"1,321.79"
28-Apr-17,"1,316.48"
27-Apr-17,"1,317.73"
26-Apr-17,"1,281.08"
25-Apr-17,"1,265.49"
24-Apr-17,"1,250.15"
23-Apr-17,"1,207.21"
22-Apr-17,"1,231.71"
21-Apr-17,"1,222.05"
20-Apr-17,"1,229.08"
19-Apr-17,"1,210.29"
18-Apr-17,"1,211.67"
17-Apr-17,"1,193.91"
16-Apr-17,"1,182.94"
15-Apr-17,"1,172.52"
14-Apr-17,"1,167.54"
13-Apr-17,"1,169.28"
12-Apr-17,"1,200.37"
11-Apr-17,"1,205.01"
10-Apr-17,"1,187.13"
09-Apr-17,"1,187.87"
08-Apr-17,"1,175.95"
07-Apr-17,"1,176.90"
06-Apr-17,"1,182.68"
05-Apr-17,"1,124.78"
04-Apr-17,"1,133.25"
03-Apr-17,"1,143.81"
02-Apr-17,"1,102.17"
01-Apr-17,"1,080.50"
31-Mar-17,"1,071.79"
30-Mar-17,"1,026.43"
29-Mar-17,"1,039.97"
28-Mar-17,"1,047.15"
27-Mar-17,"1,045.77"
26-Mar-17,966.72
25-Mar-17,972.78
24-Mar-17,937.52
23-Mar-17,"1,038.59"
22-Mar-17,"1,049.14"
21-Mar-17,"1,120.54"
20-Mar-17,"1,054.23"
19-Mar-17,"1,036.74"
18-Mar-17,973.82
17-Mar-17,"1,100.23"
16-Mar-17,"1,187.81"
15-Mar-17,"1,249.61"
14-Mar-17,"1,240.00"
13-Mar-17,"1,231.92"
12-Mar-17,"1,221.38"
11-Mar-17,"1,175.83"
10-Mar-17,"1,116.72"
09-Mar-17,"1,188.49"
08-Mar-17,"1,150.00"
07-Mar-17,"1,223.54"
06-Mar-17,"1,272.83"
05-Mar-17,"1,267.12"
04-Mar-17,"1,255.15"
03-Mar-17,"1,274.99"
02-Mar-17,"1,251.01"
01-Mar-17,"1,222.50"
28-Feb-17,"1,179.97"
27-Feb-17,"1,179.97"
26-Feb-17,"1,165.20"
25-Feb-17,"1,143.84"
24-Feb-17,"1,173.68"
23-Feb-17,"1,166.72"
22-Feb-17,"1,117.44"
21-Feb-17,"1,115.30"
20-Feb-17,"1,079.98"
19-Feb-17,"1,047.87"
18-Feb-17,"1,054.42"
17-Feb-17,"1,046.21"
16-Feb-17,"1,027.44"
15-Feb-17,"1,007.48"
14-Feb-17,"1,004.55"
13-Feb-17,990.64
12-Feb-17,999.18
11-Feb-17,"1,004.45"
10-Feb-17,988.67
09-Feb-17,994.38
08-Feb-17,"1,063.07"
07-Feb-17,"1,061.35"
06-Feb-17,"1,038.15"
05-Feb-17,"1,027.34"
04-Feb-17,"1,042.90"
03-Feb-17,"1,029.91"
02-Feb-17,"1,011.80"
01-Feb-17,989.02
31-Jan-17,970.4
30-Jan-17,920.38
29-Jan-17,919.5
28-Jan-17,921.59
27-Jan-17,919.75
26-Jan-17,917.59
25-Jan-17,901.54
24-Jan-17,892.69
23-Jan-17,921.01
22-Jan-17,924.67
21-Jan-17,921.79
20-Jan-17,895.03
19-Jan-17,899.07
18-Jan-17,886.62
17-Jan-17,907.94
16-Jan-17,831.53
15-Jan-17,821.8
14-Jan-17,818.41
13-Jan-17,823.98
12-Jan-17,804.83
11-Jan-17,777.76
10-Jan-17,907.68
09-Jan-17,902.83
08-Jan-17,911.2
07-Jan-17,908.59
06-Jan-17,902.2
05-Jan-17,"1,013.38"
04-Jan-17,"1,154.73"
03-Jan-17,"1,043.84"
02-Jan-17,"1,021.75"
01-Jan-17,998.33
31-Dec-16,963.74
30-Dec-16,961.24
29-Dec-16,973.5
28-Dec-16,975.92
27-Dec-16,933.2
26-Dec-16,907.61
25-Dec-16,896.18
24-Dec-16,898.82
23-Dec-16,921.98
22-Dec-16,864.54
21-Dec-16,834.28
20-Dec-16,800.88
19-Dec-16,792.71
18-Dec-16,790.53
17-Dec-16,790.83
16-Dec-16,784.91
15-Dec-16,778.09
14-Dec-16,781.48
13-Dec-16,780.56
12-Dec-16,780.09
11-Dec-16,769.73
10-Dec-16,774.65
09-Dec-16,772.79
08-Dec-16,770.81
07-Dec-16,768.13
06-Dec-16,764.22
05-Dec-16,758.7
04-Dec-16,773.87
03-Dec-16,771.16
02-Dec-16,777.94
01-Dec-16,756.77
30-Nov-16,745.69
29-Nov-16,735.6
28-Nov-16,735.81
27-Nov-16,732.03
26-Nov-16,735.38
25-Nov-16,741.65
24-Nov-16,740.29
23-Nov-16,744.59
22-Nov-16,751.35
21-Nov-16,739.25
20-Nov-16,731.03
19-Nov-16,751.62
18-Nov-16,751.59
17-Nov-16,740.98
16-Nov-16,744.2
15-Nov-16,711.62
14-Nov-16,705.02
13-Nov-16,702.03
12-Nov-16,705.05
11-Nov-16,716.41
10-Nov-16,715.53
09-Nov-16,723.27
08-Nov-16,709.85
07-Nov-16,703.13
06-Nov-16,711.52
05-Nov-16,703.42
04-Nov-16,703.23
03-Nov-16,688.7
02-Nov-16,740.83
01-Nov-16,729.79
31-Oct-16,700.97
30-Oct-16,701.86
29-Oct-16,714.48
28-Oct-16,689.65
27-Oct-16,688.31
26-Oct-16,678.3
25-Oct-16,657.59
24-Oct-16,653.76
23-Oct-16,657.07
22-Oct-16,657.29
21-Oct-16,632.83
20-Oct-16,630.86
19-Oct-16,630.52
18-Oct-16,637.96
17-Oct-16,639.19
16-Oct-16,641.63
15-Oct-16,638.65
14-Oct-16,640.38
13-Oct-16,636.79
12-Oct-16,636.19
11-Oct-16,641.07
10-Oct-16,618.99
09-Oct-16,616.75
08-Oct-16,619.11
07-Oct-16,617.12
06-Oct-16,613.02
05-Oct-16,612.51
04-Oct-16,610.2
03-Oct-16,612.13
02-Oct-16,610.89
01-Oct-16,613.98
30-Sep-16,609.73
29-Sep-16,605.69
28-Sep-16,604.73
27-Sep-16,606.17
26-Sep-16,608.04
25-Sep-16,600.83
24-Sep-16,602.63
23-Sep-16,602.84
22-Sep-16,596.3
21-Sep-16,597.15
20-Sep-16,608.31
19-Sep-16,609.23
18-Sep-16,609.87
17-Sep-16,605.98
16-Sep-16,606.97
15-Sep-16,607.16
14-Sep-16,610.68
13-Sep-16,609.24
12-Sep-16,608.24
11-Sep-16,606.72
10-Sep-16,623.51
09-Sep-16,622.86
08-Sep-16,626.32
07-Sep-16,614.54
06-Sep-16,610.44
05-Sep-16,606.59
04-Sep-16,608.63
03-Sep-16,598.21
02-Sep-16,575.54
01-Sep-16,572.3
31-Aug-16,575.47
30-Aug-16,577.5
29-Aug-16,574.11
28-Aug-16,573.91
27-Aug-16,569.95
26-Aug-16,579.65
25-Aug-16,577.76
24-Aug-16,580.18
23-Aug-16,583.41
22-Aug-16,586.75
21-Aug-16,581.31
20-Aug-16,581.7
19-Aug-16,575.63
18-Aug-16,574.32
17-Aug-16,573.22
16-Aug-16,577.44
15-Aug-16,567.24
14-Aug-16,570.47
13-Aug-16,585.59
12-Aug-16,587.56
11-Aug-16,589.12
10-Aug-16,592.1
09-Aug-16,587.8
08-Aug-16,591.05
07-Aug-16,592.69
06-Aug-16,587.78
05-Aug-16,575.04
04-Aug-16,578.29
03-Aug-16,566.35
02-Aug-16,547.47
01-Aug-16,606.27
31-Jul-16,624.68
30-Jul-16,655.05
29-Jul-16,656.99
28-Jul-16,655.03
27-Jul-16,654.35
26-Jul-16,651.78
25-Jul-16,654.1
24-Jul-16,661.28
23-Jul-16,655.56
22-Jul-16,650.62
21-Jul-16,665.01
20-Jul-16,665.68
19-Jul-16,672.86
18-Jul-16,673.11
17-Jul-16,679.46
16-Jul-16,660.77
15-Jul-16,663.26
14-Jul-16,658.08
13-Jul-16,654.47
12-Jul-16,664.55
11-Jul-16,647.66
10-Jul-16,649.36
09-Jul-16,650.96
08-Jul-16,666.52
07-Jul-16,640.56
06-Jul-16,677.33
05-Jul-16,670.63
04-Jul-16,683.66
03-Jul-16,658.66
02-Jul-16,703.7
01-Jul-16,676.3
30-Jun-16,673.34
29-Jun-16,639.89
28-Jun-16,647
27-Jun-16,655.28
26-Jun-16,629.37
25-Jun-16,665.12
24-Jun-16,665.3
23-Jun-16,623.98
22-Jun-16,596.12
21-Jun-16,666.65
20-Jun-16,737.23
19-Jun-16,763.78
18-Jun-16,756.23
17-Jun-16,748.91
16-Jun-16,766.31
15-Jun-16,694.47
14-Jun-16,685.56
13-Jun-16,704.38
12-Jun-16,672.78
11-Jun-16,606.73
10-Jun-16,577.47
09-Jun-16,574.63
08-Jun-16,581.65
07-Jun-16,576.6
06-Jun-16,585.54
05-Jun-16,574.98
04-Jun-16,572.73
03-Jun-16,569.19
02-Jun-16,537.97
01-Jun-16,536.92
31-May-16,531.39
30-May-16,533.86
29-May-16,526.23
28-May-16,530.04
27-May-16,473.46
26-May-16,453.38
25-May-16,449.6
24-May-16,445.98
23-May-16,444.15
22-May-16,439.32
21-May-16,443.19
20-May-16,442.68
19-May-16,438.71
18-May-16,454.62
17-May-16,453.78
16-May-16,454.16
15-May-16,457.57
14-May-16,455.67
13-May-16,455.67
12-May-16,454.77
11-May-16,452.73
10-May-16,450.89
09-May-16,460.48
08-May-16,458.55
07-May-16,458.54
06-May-16,459.6
05-May-16,447.98
04-May-16,446.72
03-May-16,450.3
02-May-16,444.67
01-May-16,451.88
30-Apr-16,448.32
29-Apr-16,455.1
28-Apr-16,449.01
27-Apr-16,444.69
26-Apr-16,466.09
25-Apr-16,461.43
24-Apr-16,458.55
23-Apr-16,450.28
22-Apr-16,445.74
21-Apr-16,449.42
20-Apr-16,441.39
19-Apr-16,435.51
18-Apr-16,428.59
17-Apr-16,427.4
16-Apr-16,430.57
15-Apr-16,429.71
14-Apr-16,424.28
13-Apr-16,423.73
12-Apr-16,425.19
11-Apr-16,422.48
10-Apr-16,421.56
09-Apr-16,419.41
08-Apr-16,420.35
07-Apr-16,422.74
06-Apr-16,423.41
05-Apr-16,424.03
04-Apr-16,421.44
03-Apr-16,420.9
02-Apr-16,420.87
01-Apr-16,417.96
31-Mar-16,416.73
30-Mar-16,414.82
29-Mar-16,416.52
28-Mar-16,424.23
27-Mar-16,426.77
26-Mar-16,417.95
25-Mar-16,417.18
24-Mar-16,416.39
23-Mar-16,418.04
22-Mar-16,418.09
21-Mar-16,413.31
20-Mar-16,413.76
19-Mar-16,410.44
18-Mar-16,409.55
17-Mar-16,420.62
16-Mar-16,417.01
15-Mar-16,416.83
14-Mar-16,416.44
13-Mar-16,414.07
12-Mar-16,411.62
11-Mar-16,421.69
10-Mar-16,417.13
09-Mar-16,414.86
08-Mar-16,413.97
07-Mar-16,414.32
06-Mar-16,407.71
05-Mar-16,400.57
04-Mar-16,410.94
03-Mar-16,421.65
02-Mar-16,423.99
01-Mar-16,435.12
29-Feb-16,437.7
28-Feb-16,433.5
27-Feb-16,432.52
26-Feb-16,432.15
25-Feb-16,424.54
24-Feb-16,424.95
23-Feb-16,420.74
22-Feb-16,437.75
21-Feb-16,438.8
20-Feb-16,437.16
19-Feb-16,420.79
18-Feb-16,422.37
17-Feb-16,416.32
16-Feb-16,407.49
15-Feb-16,400.18
14-Feb-16,407.23
13-Feb-16,391.86
12-Feb-16,384.26
11-Feb-16,379.65
10-Feb-16,381.65
09-Feb-16,376.03
08-Feb-16,373.45
07-Feb-16,376.62
06-Feb-16,376.52
05-Feb-16,386.55
04-Feb-16,389.59
03-Feb-16,369.95
02-Feb-16,374.45
01-Feb-16,373.06
31-Jan-16,368.77
30-Jan-16,378.26
29-Jan-16,379.47
28-Jan-16,380.29
27-Jan-16,394.97
26-Jan-16,392.15
25-Jan-16,391.73
24-Jan-16,402.97
23-Jan-16,387.49
22-Jan-16,382.49
21-Jan-16,410.26
20-Jan-16,420.23
19-Jan-16,380.15
18-Jan-16,387.17
17-Jan-16,382.3
16-Jan-16,387.54
15-Jan-16,364.33
14-Jan-16,430.31
13-Jan-16,432.37
12-Jan-16,435.69
11-Jan-16,448.43
10-Jan-16,447.99
09-Jan-16,447.61
08-Jan-16,453.23
07-Jan-16,458.05
06-Jan-16,429.11
05-Jan-16,431.96
04-Jan-16,433.09
03-Jan-16,430.01
02-Jan-16,433.44
01-Jan-16,434.33
31-Dec-15,430.57
30-Dec-15,426.62
29-Dec-15,432.98
28-Dec-15,422.28
27-Dec-15,422.82
26-Dec-15,417.27
25-Dec-15,455.65
24-Dec-15,454.98
23-Dec-15,442.4
22-Dec-15,436.57
21-Dec-15,438.64
20-Dec-15,442.68
19-Dec-15,462.32
18-Dec-15,463.62
17-Dec-15,456.08
16-Dec-15,454.93
15-Dec-15,465.32
14-Dec-15,444.18
13-Dec-15,433.76
12-Dec-15,435
11-Dec-15,451.94
10-Dec-15,415.48
09-Dec-15,417.56
08-Dec-15,415.56
07-Dec-15,395.54
06-Dec-15,388.78
05-Dec-15,388.95
04-Dec-15,363.18
03-Dec-15,361.05
02-Dec-15,359.19
01-Dec-15,362.49
30-Nov-15,377.32
29-Nov-15,371.29
28-Nov-15,357.38
27-Nov-15,358.04
26-Nov-15,352.68
25-Nov-15,328.21
24-Nov-15,320.05
23-Nov-15,323.05
22-Nov-15,324.54
21-Nov-15,326.93
20-Nov-15,322.02
19-Nov-15,326.15
18-Nov-15,334.59
17-Nov-15,335.09
16-Nov-15,330.75
15-Nov-15,320.17
14-Nov-15,332.91
13-Nov-15,336.75
12-Nov-15,338.15
11-Nov-15,311.08
10-Nov-15,336.82
09-Nov-15,380.26
08-Nov-15,373.37
07-Nov-15,386.48
06-Nov-15,374.47
05-Nov-15,386.35
04-Nov-15,411.56
03-Nov-15,403.42
02-Nov-15,361.19
01-Nov-15,325.43
31-Oct-15,314.17
30-Oct-15,328.02
29-Oct-15,313.86
28-Oct-15,304.62
27-Oct-15,293.79
26-Oct-15,285.3
25-Oct-15,283.68
24-Oct-15,281.65
23-Oct-15,276.5
22-Oct-15,274.02
21-Oct-15,266.27
20-Oct-15,269.46
19-Oct-15,263.44
18-Oct-15,261.64
17-Oct-15,270.64
16-Oct-15,262.87
15-Oct-15,254.32
14-Oct-15,251.99
13-Oct-15,249.51
12-Oct-15,245.31
11-Oct-15,247.05
10-Oct-15,244.94
09-Oct-15,243.93
08-Oct-15,242.3
07-Oct-15,242.97
06-Oct-15,246.06
05-Oct-15,240.38
04-Oct-15,238.26
03-Oct-15,238.73
02-Oct-15,237.29
01-Oct-15,237.55
30-Sep-15,236.06
29-Sep-15,236.69
28-Sep-15,239.14
27-Sep-15,232.76
26-Sep-15,234.34
25-Sep-15,235.14
24-Sep-15,234.53
23-Sep-15,230.28
22-Sep-15,230.62
21-Sep-15,227.09
20-Sep-15,231.21
19-Sep-15,231.49
18-Sep-15,232.98
17-Sep-15,229.81
16-Sep-15,229.09
15-Sep-15,230.3
14-Sep-15,230.64
13-Sep-15,230.51
12-Sep-15,235.23
11-Sep-15,240.11
10-Sep-15,238.48
09-Sep-15,238.17
08-Sep-15,243.61
07-Sep-15,239.85
06-Sep-15,239.84
05-Sep-15,235.02
04-Sep-15,230.3
03-Sep-15,227.18
02-Sep-15,229.28
01-Sep-15,228.12
31-Aug-15,230.06
30-Aug-15,228.76
29-Aug-15,229.78
28-Aug-15,231.4
27-Aug-15,224.77
26-Aug-15,225.83
25-Aug-15,221.61
24-Aug-15,210.49
23-Aug-15,228.17
22-Aug-15,230.39
21-Aug-15,232.57
20-Aug-15,235.35
19-Aug-15,226.68
18-Aug-15,211.08
17-Aug-15,257.98
16-Aug-15,258.51
15-Aug-15,261.55
14-Aug-15,265.68
13-Aug-15,264.08
12-Aug-15,266.38
11-Aug-15,270.39
10-Aug-15,264.47
09-Aug-15,265.08
08-Aug-15,261
07-Aug-15,279.58
06-Aug-15,278.58
05-Aug-15,281.88
04-Aug-15,285.22
03-Aug-15,281.23
02-Aug-15,282.61
01-Aug-15,281.6
31-Jul-15,284.65
30-Jul-15,287.72
29-Jul-15,289.59
28-Jul-15,294.43
27-Jul-15,293.62
26-Jul-15,292.69
25-Jul-15,288.7
24-Jul-15,288.28
23-Jul-15,276.05
22-Jul-15,277.22
21-Jul-15,275.83
20-Jul-15,278.98
19-Jul-15,273.61
18-Jul-15,274.9
17-Jul-15,279.47
16-Jul-15,278.09
15-Jul-15,285.83
14-Jul-15,287.46
13-Jul-15,292.05
12-Jul-15,310.87
11-Jul-15,293.11
10-Jul-15,284.89
09-Jul-15,269.23
08-Jul-15,270.79
07-Jul-15,266.21
06-Jul-15,269.03
05-Jul-15,271.91
04-Jul-15,260.89
03-Jul-15,256.34
02-Jul-15,255.41
01-Jul-15,258.62
30-Jun-15,263.07
29-Jun-15,257.06
28-Jun-15,249.01
27-Jun-15,250.99
26-Jun-15,243.59
25-Jun-15,242.8
24-Jun-15,240.51
23-Jun-15,244.3
22-Jun-15,246.99
21-Jun-15,243.94
20-Jun-15,245.21
19-Jun-15,244.61
18-Jun-15,249.01
17-Jun-15,249.28
16-Jun-15,250.9
15-Jun-15,236.82
14-Jun-15,233.54
13-Jun-15,232.4
12-Jun-15,229.98
11-Jun-15,229.71
10-Jun-15,228.8
09-Jun-15,229.05
08-Jun-15,228.49
07-Jun-15,222.88
06-Jun-15,225.62
05-Jun-15,224.95
04-Jun-15,224.32
03-Jun-15,225.87
02-Jun-15,225.8
01-Jun-15,222.93
31-May-15,230.19
30-May-15,233.35
29-May-15,237.1
28-May-15,237.41
27-May-15,237.28
26-May-15,237.12
25-May-15,237.11
24-May-15,240.95
23-May-15,238.87
22-May-15,240.35
21-May-15,235.34
20-May-15,234.02
19-May-15,231.95
18-May-15,233.13
17-May-15,236.8
16-May-15,236.15
15-May-15,237.6
14-May-15,236.93
13-May-15,236.38
12-May-15,241.11
11-May-15,242.16
10-May-15,240.3
09-May-15,241.83
08-May-15,243.86
07-May-15,237.33
06-May-15,229.78
05-May-15,236.12
04-May-15,239.02
03-May-15,240.36
02-May-15,234.93
01-May-15,232.08
30-Apr-15,236.15
29-Apr-15,225.81
28-Apr-15,225.85
27-Apr-15,229.29
26-Apr-15,219.43
25-Apr-15,226.39
24-Apr-15,231.27
23-Apr-15,236.46
22-Apr-15,234.18
21-Apr-15,235.27
20-Apr-15,224.63
19-Apr-15,222.6
18-Apr-15,223.36
17-Apr-15,222.88
16-Apr-15,228.57
15-Apr-15,223.83
14-Apr-15,219.16
13-Apr-15,224.59
12-Apr-15,236.15
11-Apr-15,236.55
10-Apr-15,236.07
09-Apr-15,243.68
08-Apr-15,245.02
07-Apr-15,253.18
06-Apr-15,255.49
05-Apr-15,260.6
04-Apr-15,253.7
03-Apr-15,254.32
02-Apr-15,253.01
01-Apr-15,247.27
31-Mar-15,244.22
30-Mar-15,247.53
29-Mar-15,242.71
28-Mar-15,252.8
27-Mar-15,247.03
26-Mar-15,248.53
25-Mar-15,246.2
24-Mar-15,245.6
23-Mar-15,266.74
22-Mar-15,267.96
21-Mar-15,260.02
20-Mar-15,261.75
19-Mar-15,260.93
18-Mar-15,256.3
17-Mar-15,285.51
16-Mar-15,290.59
15-Mar-15,286.39
14-Mar-15,281.89
13-Mar-15,285.34
12-Mar-15,294.35
11-Mar-15,296.38
10-Mar-15,291.76
09-Mar-15,289.61
08-Mar-15,274.35
07-Mar-15,276.26
06-Mar-15,272.72
05-Mar-15,276.18
04-Mar-15,273.09
03-Mar-15,281.7
02-Mar-15,275.67
01-Mar-15,260.2
28-Feb-15,254.26
27-Feb-15,253.83
26-Feb-15,236.43
25-Feb-15,237.47
24-Feb-15,238.74
23-Feb-15,238.89
22-Feb-15,235.98
21-Feb-15,244.53
20-Feb-15,243.78
19-Feb-15,240.28
18-Feb-15,236.33
17-Feb-15,243.61
16-Feb-15,233.84
15-Feb-15,234.82
14-Feb-15,257.32
13-Feb-15,235.43
12-Feb-15,221.76
11-Feb-15,219.18
10-Feb-15,219.84
09-Feb-15,220.11
08-Feb-15,223.41
07-Feb-15,227.75
06-Feb-15,222.27
05-Feb-15,217.11
04-Feb-15,226.85
03-Feb-15,227.27
02-Feb-15,238.23
01-Feb-15,226.97
31-Jan-15,217.46
30-Jan-15,226.43
29-Jan-15,233.51
28-Jan-15,233.91
27-Jan-15,263.48
26-Jan-15,273.47
25-Jan-15,253.72
24-Jan-15,247.85
23-Jan-15,232.88
22-Jan-15,233.41
21-Jan-15,226.9
20-Jan-15,211.32
19-Jan-15,214.86
18-Jan-15,210.34
17-Jan-15,199.26
16-Jan-15,208.1
15-Jan-15,209.84
14-Jan-15,178.1
13-Jan-15,225.86
12-Jan-15,267.8
11-Jan-15,265.66
10-Jan-15,274.8
09-Jan-15,290.41
08-Jan-15,283.35
07-Jan-15,294.34
06-Jan-15,286.19
05-Jan-15,274.47
04-Jan-15,264.2
03-Jan-15,281.08
02-Jan-15,315.03
01-Jan-15,314.25
31-Dec-14,320.19
30-Dec-14,310.74
29-Dec-14,312.67
28-Dec-14,317.24
27-Dec-14,315.86
26-Dec-14,327.92
25-Dec-14,319.01
24-Dec-14,322.53
23-Dec-14,334.57
22-Dec-14,331.89
21-Dec-14,320.84
20-Dec-14,329.96
19-Dec-14,317.84
18-Dec-14,311.4
17-Dec-14,319.78
16-Dec-14,327.06
15-Dec-14,345.35
14-Dec-14,351.63
13-Dec-14,347.38
12-Dec-14,352.54
11-Dec-14,350.51
10-Dec-14,346.36
09-Dec-14,352.22
08-Dec-14,361.91
07-Dec-14,375.1
06-Dec-14,374.79
05-Dec-14,376.85
04-Dec-14,369.6
03-Dec-14,375.01
02-Dec-14,381.32
01-Dec-14,379.24
30-Nov-14,378.05
29-Nov-14,375.49
28-Nov-14,376.45
27-Nov-14,369.67
26-Nov-14,368.37
25-Nov-14,375.35
24-Nov-14,376.9
23-Nov-14,367.57
22-Nov-14,352.92
21-Nov-14,350.85
20-Nov-14,357.84
19-Nov-14,380.55
18-Nov-14,375.2
17-Nov-14,387.41
16-Nov-14,387.88
15-Nov-14,376.13
14-Nov-14,397.82
13-Nov-14,420.73
12-Nov-14,423.56
11-Nov-14,367.7
10-Nov-14,366.92
09-Nov-14,363.26
08-Nov-14,345.49
07-Nov-14,342.42
06-Nov-14,349.29
05-Nov-14,339.49
04-Nov-14,330.49
03-Nov-14,327.55
02-Nov-14,325.89
01-Nov-14,325.75
31-Oct-14,338.32
30-Oct-14,345.3
29-Oct-14,335.59
28-Oct-14,357.62
27-Oct-14,352.99
26-Oct-14,354.7
25-Oct-14,347.27
24-Oct-14,358.35
23-Oct-14,358.42
22-Oct-14,383.16
21-Oct-14,386.48
20-Oct-14,382.85
19-Oct-14,389.55
18-Oct-14,391.44
17-Oct-14,383.76
16-Oct-14,382.56
15-Oct-14,394.77
14-Oct-14,400.87
13-Oct-14,390.41
12-Oct-14,378.55
11-Oct-14,362.3
10-Oct-14,361.56
09-Oct-14,365.03
08-Oct-14,352.94
07-Oct-14,336.19
06-Oct-14,330.08
05-Oct-14,320.51
04-Oct-14,328.87
03-Oct-14,359.51
02-Oct-14,375.07
01-Oct-14,383.61
30-Sep-14,386.94
29-Sep-14,375.47
28-Sep-14,377.18
27-Sep-14,399.52
26-Sep-14,404.42
25-Sep-14,411.57
24-Sep-14,423.2
23-Sep-14,435.79
22-Sep-14,402.15
21-Sep-14,398.82
20-Sep-14,408.9
19-Sep-14,394.8
18-Sep-14,424.44
17-Sep-14,457.33
16-Sep-14,466.06
15-Sep-14,475.37
14-Sep-14,477.89
13-Sep-14,479
12-Sep-14,477.75
11-Sep-14,479.75
10-Sep-14,479.36
09-Sep-14,475.26
08-Sep-14,474.6
07-Sep-14,482.28
06-Sep-14,484.83
05-Sep-14,483.34
04-Sep-14,489.66
03-Sep-14,477.59
02-Sep-14,477.43
01-Sep-14,474.88
31-Aug-14,477.76
30-Aug-14,504.25
29-Aug-14,508.52
28-Aug-14,507.82
27-Aug-14,511.15
26-Aug-14,511.57
25-Aug-14,502.5
24-Aug-14,508.29
23-Aug-14,498.08
22-Aug-14,514.04
21-Aug-14,517.24
20-Aug-14,511.98
19-Aug-14,485.24
18-Aug-14,461.46
17-Aug-14,491.8
16-Aug-14,519.71
15-Aug-14,497.01
14-Aug-14,505.97
13-Aug-14,546.66
12-Aug-14,569.64
11-Aug-14,576.37
10-Aug-14,591.06
09-Aug-14,589.37
08-Aug-14,592.58
07-Aug-14,588.87
06-Aug-14,584.65
05-Aug-14,585.44
04-Aug-14,588.78
03-Aug-14,586.67
02-Aug-14,589.33
01-Aug-14,594.92
31-Jul-14,586.23
30-Jul-14,567.29
29-Jul-14,584.72
28-Jul-14,585.69
27-Jul-14,593.85
26-Jul-14,595.81
25-Jul-14,601.09
24-Jul-14,601.73
23-Jul-14,619.41
22-Jul-14,621.55
21-Jul-14,622.21
20-Jul-14,623.9
19-Jul-14,628.52
18-Jul-14,628.78
17-Jul-14,623.09
16-Jul-14,616.8
15-Jul-14,621.59
14-Jul-14,619.32
13-Jul-14,626.5
12-Jul-14,633.71
11-Jul-14,632
10-Jul-14,616.76
09-Jul-14,624.51
08-Jul-14,624.82
07-Jul-14,624.09
06-Jul-14,635.81
05-Jul-14,631.46
04-Jul-14,630.69
03-Jul-14,645.16
02-Jul-14,650.88
01-Jul-14,640.81
30-Jun-14,639.8
29-Jun-14,602.72
28-Jun-14,596.55
27-Jun-14,597.26
26-Jun-14,581.14
25-Jun-14,566.34
24-Jun-14,582.36
23-Jun-14,593.98
22-Jun-14,602.27
21-Jun-14,594.99
20-Jun-14,594.15
19-Jun-14,598.07
18-Jun-14,607.96
17-Jun-14,610.86
16-Jun-14,592.19
15-Jun-14,592.94
14-Jun-14,577.36
13-Jun-14,600.16
12-Jun-14,586.95
11-Jun-14,633.02
10-Jun-14,653.15
09-Jun-14,649.16
08-Jun-14,656.14
07-Jun-14,654.97
06-Jun-14,653.7
05-Jun-14,659.26
04-Jun-14,641.61
03-Jun-14,667.6
02-Jun-14,660.62
01-Jun-14,630.23
31-May-14,623.68
30-May-14,615.33
29-May-14,568.18
28-May-14,577.06
27-May-14,571.24
26-May-14,583.42
25-May-14,571.59
24-May-14,525.14
23-May-14,520.22
22-May-14,524.58
21-May-14,491.77
20-May-14,485.72
19-May-14,446.18
18-May-14,446.26
17-May-14,448.9
16-May-14,448.06
15-May-14,447.25
14-May-14,443.97
13-May-14,440.67
12-May-14,441.46
11-May-14,438.89
10-May-14,454.43
09-May-14,449.46
08-May-14,440.17
07-May-14,438.82
06-May-14,428.96
05-May-14,433.48
04-May-14,436.4
03-May-14,437.76
02-May-14,449.38
01-May-14,457.76
30-Apr-14,447.64
29-Apr-14,447.21
28-Apr-14,440.29
27-Apr-14,436.39
26-Apr-14,458.6
25-Apr-14,461.45
24-Apr-14,500.46
23-Apr-14,491.3
22-Apr-14,487.92
21-Apr-14,495.77
20-Apr-14,498.17
19-Apr-14,501.57
18-Apr-14,479.64
17-Apr-14,495.96
16-Apr-14,527.4
15-Apr-14,515.59
14-Apr-14,458.79
13-Apr-14,414.06
12-Apr-14,421.12
11-Apr-14,420.95
10-Apr-14,365.18
09-Apr-14,442.73
08-Apr-14,453.09
07-Apr-14,449.42
06-Apr-14,460.5
05-Apr-14,461.91
04-Apr-14,447.53
03-Apr-14,444.72
02-Apr-14,437.14
01-Apr-14,478.38
31-Mar-14,457
30-Mar-14,460.27
29-Mar-14,491.17
28-Mar-14,495.67
27-Mar-14,471.24
26-Mar-14,580.83
25-Mar-14,583.92
24-Mar-14,583.41
23-Mar-14,561.27
22-Mar-14,565.04
21-Mar-14,571.49
20-Mar-14,588.77
19-Mar-14,609.89
18-Mar-14,614.83
17-Mar-14,622.37
16-Mar-14,631.11
15-Mar-14,636.12
14-Mar-14,628.8
13-Mar-14,638.14
12-Mar-14,632.1
11-Mar-14,634.11
10-Mar-14,627.79
09-Mar-14,636.96
08-Mar-14,617.45
07-Mar-14,629.15
06-Mar-14,663.86
05-Mar-14,665.51
04-Mar-14,666.78
03-Mar-14,667.76
02-Mar-14,559.79
01-Mar-14,565.61
28-Feb-14,549.26
27-Feb-14,578.77
26-Feb-14,582.69
25-Feb-14,538.71
24-Feb-14,546.32
23-Feb-14,605.82
22-Feb-14,605.42
21-Feb-14,574.16
20-Feb-14,556.14
19-Feb-14,623.03
18-Feb-14,626.6
17-Feb-14,626.27
16-Feb-14,616.63
15-Feb-14,650.92
14-Feb-14,661.99
13-Feb-14,605.24
12-Feb-14,651.72
11-Feb-14,672.17
10-Feb-14,681.03
09-Feb-14,682.9
08-Feb-14,673.92
07-Feb-14,712.4
06-Feb-14,781.55
05-Feb-14,811.91
04-Feb-14,827.96
03-Feb-14,823.83
02-Feb-14,825.37
01-Feb-14,832.58
31-Jan-14,829.92
30-Jan-14,819.03
29-Jan-14,826
28-Jan-14,812.51
27-Jan-14,771.39
26-Jan-14,885.28
25-Jan-14,853.61
24-Jan-14,797.07
23-Jan-14,822.04
22-Jan-14,845.59
21-Jan-14,863.91
20-Jan-14,870.2
19-Jan-14,870.96
18-Jan-14,840
17-Jan-14,814.64
16-Jan-14,835.63
15-Jan-14,860.9
14-Jan-14,833.27
13-Jan-14,841.2
12-Jan-14,863.22
11-Jan-14,913.95
10-Jan-14,868.48
09-Jan-14,846.86
08-Jan-14,842.72
07-Jan-14,802
06-Jan-14,953.29
05-Jan-14,933.53
04-Jan-14,859.51
03-Jan-14,818.72
02-Jan-14,802.39
01-Jan-14,771.4
31-Dec-13,754.01
30-Dec-13,756.13
29-Dec-13,745.05
28-Dec-13,727.83
27-Dec-13,735.07
26-Dec-13,761.98
25-Dec-13,682.21
24-Dec-13,665.58
23-Dec-13,673.41
22-Dec-13,617.18
21-Dec-13,605.66
20-Dec-13,625.32
19-Dec-13,691.96
18-Dec-13,522.7
17-Dec-13,682.12
16-Dec-13,705.97
15-Dec-13,876.12
14-Dec-13,872.6
13-Dec-13,892.58
12-Dec-13,873.26
11-Dec-13,878.48
10-Dec-13,988.51
09-Dec-13,893.19
08-Dec-13,795.87
07-Dec-13,698.23
06-Dec-13,829.45
05-Dec-13,"1,045.11"
04-Dec-13,"1,151.17"
03-Dec-13,"1,078.28"
02-Dec-13,"1,043.33"
01-Dec-13,955.85
30-Nov-13,"1,129.43"
29-Nov-13,"1,131.97"
28-Nov-13,"1,031.95"
27-Nov-13,"1,001.96"
26-Nov-13,928.1
25-Nov-13,799.11
24-Nov-13,774.25
23-Nov-13,797.82
22-Nov-13,771.44
21-Nov-13,722.43
20-Nov-13,590.83
19-Nov-13,584.61
18-Nov-13,703.56
17-Nov-13,492.11
16-Nov-13,440.22
15-Nov-13,417.95
14-Nov-13,420.2
13-Nov-13,407.37
12-Nov-13,360.33
11-Nov-13,342.44
10-Nov-13,326.62
09-Nov-13,339.11
08-Nov-13,338.11
07-Nov-13,296.41
06-Nov-13,262.5
05-Nov-13,245.24
04-Nov-13,229.1
03-Nov-13,215.05
02-Nov-13,206.22
01-Nov-13,206.18
31-Oct-13,204
30-Oct-13,199.97
29-Oct-13,204.39
28-Oct-13,198.55
27-Oct-13,196.44
26-Oct-13,177.32
25-Oct-13,186.69
24-Oct-13,198.23
23-Oct-13,213.62
22-Oct-13,193.76
21-Oct-13,182.21
20-Oct-13,174.61
19-Oct-13,172.42
18-Oct-13,155.96
17-Oct-13,146.25
16-Oct-13,142.55
15-Oct-13,145.24
14-Oct-13,140.52
13-Oct-13,138.13
12-Oct-13,135.19
11-Oct-13,130.9
10-Oct-13,130.59
09-Oct-13,130.69
08-Oct-13,126
07-Oct-13,126.94
06-Oct-13,129
05-Oct-13,128.55
04-Oct-13,129.01
03-Oct-13,123.63
02-Oct-13,114.13
01-Oct-13,132.18
30-Sep-13,133
29-Sep-13,137.34
28-Sep-13,134.78
27-Sep-13,133.78
26-Sep-13,128.38
25-Sep-13,128.22
24-Sep-13,127.25
23-Sep-13,125.95
22-Sep-13,129.12
21-Sep-13,127.43
20-Sep-13,127.04
19-Sep-13,129.65
18-Sep-13,131.47
17-Sep-13,131.66
16-Sep-13,131.72
15-Sep-13,130.37
14-Sep-13,129.22
13-Sep-13,134.98
12-Sep-13,133.13
11-Sep-13,135.25
10-Sep-13,125.91
09-Sep-13,127.11
08-Sep-13,121.66
07-Sep-13,124.15
06-Sep-13,119.15
05-Sep-13,126.43
04-Sep-13,126.74
03-Sep-13,136.77
02-Sep-13,135.85
01-Sep-13,138.34
31-Aug-13,135.35
30-Aug-13,133.49
29-Aug-13,122.39
28-Aug-13,122.62
27-Aug-13,126.5
26-Aug-13,120.06
25-Aug-13,122.11
24-Aug-13,120.04
23-Aug-13,118.5
22-Aug-13,121.15
21-Aug-13,123.3
20-Aug-13,121.21
19-Aug-13,119
18-Aug-13,113.5
17-Aug-13,113.5
16-Aug-13,108.99
15-Aug-13,109.99
14-Aug-13,112.56
13-Aug-13,109
12-Aug-13,106.64
11-Aug-13,105
10-Aug-13,103
09-Aug-13,102.8
08-Aug-13,103
07-Aug-13,106.75
06-Aug-13,106.75
05-Aug-13,106.22
04-Aug-13,105.14
03-Aug-13,104
02-Aug-13,104.5
01-Aug-13,104
31-Jul-13,106.09
30-Jul-13,107.99
29-Jul-13,101.2
28-Jul-13,99.76
27-Jul-13,94.12
26-Jul-13,96.02
25-Jul-13,96.9
24-Jul-13,94.51
23-Jul-13,95.56
22-Jul-13,91.61
21-Jul-13,90.76
20-Jul-13,89.39
19-Jul-13,92.17
18-Jul-13,90.58
17-Jul-13,98.5
16-Jul-13,97.45
15-Jul-13,98.4
14-Jul-13,94.69
13-Jul-13,98.13
12-Jul-13,93.59
11-Jul-13,88.98
10-Jul-13,86.76
09-Jul-13,76.69
08-Jul-13,76.52
07-Jul-13,74.56
06-Jul-13,70.28
05-Jul-13,68.43
04-Jul-13,80.53
03-Jul-13,77.53
02-Jul-13,90.13
01-Jul-13,88.05
30-Jun-13,96.61
29-Jun-13,94.99
28-Jun-13,94.65
27-Jun-13,101.44
26-Jun-13,104
25-Jun-13,103.95
24-Jun-13,102.74
23-Jun-13,107.6
22-Jun-13,108.3
21-Jun-13,109.5
20-Jun-13,110.15
19-Jun-13,108.25
18-Jun-13,107.4
17-Jun-13,101.7
16-Jun-13,99.51
15-Jun-13,99.99
14-Jun-13,99.98
13-Jun-13,104
12-Jun-13,108.15
11-Jun-13,108.9
10-Jun-13,106.35
09-Jun-13,100
08-Jun-13,108.3
07-Jun-13,111.5
06-Jun-13,118
05-Jun-13,121.65
04-Jun-13,121.42
03-Jun-13,122.22
02-Jun-13,122.29
01-Jun-13,129.3
31-May-13,129
30-May-13,128.8
29-May-13,132.3
28-May-13,129
27-May-13,129.74
26-May-13,133.48
25-May-13,131.98
24-May-13,133.2
23-May-13,126.7
22-May-13,123.89
21-May-13,122.88
20-May-13,122
19-May-13,121.99
18-May-13,123.5
17-May-13,123.01
16-May-13,118.76
15-May-13,114.22
14-May-13,111.5
13-May-13,117.98
12-May-13,115
11-May-13,115.24
10-May-13,117.2
09-May-13,112.67
08-May-13,113.57
07-May-13,111.5
06-May-13,112.3
05-May-13,115.91
04-May-13,112.5
03-May-13,97.75
02-May-13,105.21
01-May-13,116.99
30-Apr-13,139
29-Apr-13,144.54
28-Apr-13,134.21
